TermID	Name	Value	LogSize	Frequency	Uniqueness	Dispensability	Representative
GO:0006302	"double-strand break repair"	-3.6371042144004315	4.912238003405434	0.27175561672180143	0.48855654537469834	0	null
GO:0006281	"DNA repair"	6281	-2.0314592577439745	5.862949682520338	2.426023079968835	0.4151656549041123	0.73773091	6302
GO:0006974	"DNA damage response"	6974	-2.0314592577439745	5.89454035330973	2.609069457039582	0.42185074228957464	0.90989858	6302
GO:0006813	"potassium ion transport"	-5.1957008561596565	5.238354769259176	0.5758350576254156	0.5824799309788594	0	null
GO:0006812	"monoatomic cation transport"	6812	-2.5735187429443602	6.015285130834353	3.445327833693093	0.5562270936555999	0.82473607	6813
GO:0030001	"metal ion transport"	30001	-3.819732224167473	5.796416126855009	2.081427431784025	0.5512845207786699	0.72035173	6813
GO:0006950	"response to stress"	-2.0314592577439745	6.168838538858752	4.90663876400189	0.6018934794663386	0.36704178	null
