TermID	Name	Value	LogSize	Frequency	Uniqueness	Dispensability	Representative
GO:0005975	"carbohydrate metabolic process"	-4.549684459526001	6.220115151808519	5.521546466478484	0.914876936842495	0.06417604	null
GO:0006091	"generation of precursor metabolites and energy"	-2.7758914809555733	5.897738674144431	2.62835465282124	0.8508483548363277	0.07856207	null
GO:0006119	"oxidative phosphorylation"	-4.623620922734265	5.079604476875963	0.39952752268189157	0.25947609702745505	0	null
GO:0015980	"energy derivation by oxidation of organic compounds"	15980	-3.0757472195365456	5.611345126683129	1.3592204656440126	0.2785518311806594	0.84040374	6119
GO:0022900	"electron transport chain"	22900	-4.444675337963278	5.682764023912308	1.6021713573797571	0.27152076948429366	0.73384527	6119
GO:0022904	"respiratory electron transport chain"	22904	-4.549684459526001	5.158220720064184	0.47881036618854816	0.258304702603408	0.80950239	6119
GO:0042773	"ATP synthesis coupled electron transport"	42773	-4.623620922734265	4.927811620185588	0.2816776137926337	0.25806986508177077	0.80262939	6119
GO:0042775	"mitochondrial ATP synthesis coupled electron transport"	42775	-4.628758295690936	4.55213262107812	0.11859497336926673	0.290024731912579	0.87245862	6119
GO:0045333	"cellular respiration"	45333	-3.117297349391127	5.545739957873238	1.1686502677974617	0.23009758429251104	0.8660732	6119
GO:0006302	"double-strand break repair"	-4.549684459526001	4.912238003405434	0.27175561672180143	0.8481513057805466	0.06296597	null
GO:0046034	"ATP metabolic process"	-3.1529613487866177	5.11944065613114	0.4379083219444906	0.8429249294183796	0.19427402	null
