{
 "analysis":{
   "authors":"Sergei L Kosakovsky Pond, Ben Murrell, Steven Weaver and Temple iGEM / UCSD viral evolution group",
   "citation":"Less Is More: An Adaptive Branch-Site Random Effects Model for Efficient Detection of Episodic Diversifying Selection (2015). Mol Biol Evol 32 (5): 1342-1353. v2.2 adds support for multiple-hit models. v2.3 adds support for SRV",
   "contact":"spond@temple.edu",
   "info":"aBSREL (Adaptive branch-site random effects likelihood)\n                            uses an adaptive random effects branch-site model framework\n                            to test whether each branch has evolved under positive selection,\n                            using a procedure which infers an optimal number of rate categories per branch.",
   "requirements":"in-frame codon alignment and a phylogenetic tree",
   "version":"2.3"
  },
 "branch attributes":{
   "0":{
     "CAH0099066_1":{
       "Baseline MG94xREV":0.1293004376985957,
       "Baseline MG94xREV omega ratio":0.2192643079985014,
       "Corrected P-value":1,
       "Full adaptive model":0.136637942354568,
       "Full adaptive model (non-synonymous subs/site)":0.05581030952266987,
       "Full adaptive model (synonymous subs/site)":0.0808276328318981,
       "LRT":0.2427459843311226,
       "Nucleotide GTR":0.1098776101513112,
       "Rate Distributions":        [
[0, 0.7890296292486426],
        [1.225927968595432, 0.2109703707513574] 
        ],
       "Rate classes":2,
       "Uncorrected P-value":0.390157024654581,
       "original name":"CAH0099066.1"
      },
     "CAH0100750_1":{
       "Baseline MG94xREV":0.09053443902962456,
       "Baseline MG94xREV omega ratio":0.144941928884826,
       "Corrected P-value":1,
       "Full adaptive model":0.09641375904442728,
       "Full adaptive model (non-synonymous subs/site)":0.03181632240833442,
       "Full adaptive model (synonymous subs/site)":0.06459743663609285,
       "LRT":0.2584168676876288,
       "Nucleotide GTR":0.07263784028030565,
       "Rate Distributions":        [
[0, 0.8618564288376754],
        [1.335475311218523, 0.1381435711623246] 
        ],
       "Rate classes":2,
       "Uncorrected P-value":0.3858792089832491,
       "original name":"CAH0100750.1"
      },
     "DAPHNIA09857_RB":{
       "Baseline MG94xREV":0.01328836199595169,
       "Baseline MG94xREV omega ratio":0.2983311951035362,
       "Corrected P-value":1,
       "Full adaptive model":0.01342717917398485,
       "Full adaptive model (non-synonymous subs/site)":0.005608518443221688,
       "Full adaptive model (synonymous subs/site)":0.007818660730763155,
       "LRT":0,
       "Nucleotide GTR":0.0132169288765493,
       "Rate Distributions":        [
[0.2686876049078787, 1] 
        ],
       "Rate classes":1,
       "Uncorrected P-value":1,
       "original name":"DAPHNIA09857-RB"
      },
     "KAI9550508_1":{
       "Baseline MG94xREV":0.03068388493770384,
       "Baseline MG94xREV omega ratio":0.1324642290868455,
       "Corrected P-value":1,
       "Full adaptive model":0.03053395082922275,
       "Full adaptive model (non-synonymous subs/site)":0.007561089456382578,
       "Full adaptive model (synonymous subs/site)":0.02297286137284018,
       "LRT":0,
       "Nucleotide GTR":0.02872875352748526,
       "Rate Distributions":        [
[0.1232824148133929, 1] 
        ],
       "Rate classes":1,
       "Uncorrected P-value":1,
       "original name":"KAI9550508.1"
      },
     "NODE2":{
       "Baseline MG94xREV":0.1589769984937221,
       "Baseline MG94xREV omega ratio":0.1645128848608867,
       "Corrected P-value":1,
       "Full adaptive model":0.1807306926695795,
       "Full adaptive model (non-synonymous subs/site)":0.06988183613175271,
       "Full adaptive model (synonymous subs/site)":0.1108488565378268,
       "LRT":0.5443001098465174,
       "Nucleotide GTR":0.122832456332232,
       "Rate Distributions":        [
[0.08327841353305847, 0.9398659484886326],
        [2.625250394259287, 0.06013405151136741] 
        ],
       "Rate classes":2,
       "Uncorrected P-value":0.3206531978768838
      },
     "NODE3":{
       "Baseline MG94xREV":0.1724061261575665,
       "Baseline MG94xREV omega ratio":0.09642016682427032,
       "Corrected P-value":1,
       "Full adaptive model":0.1683550673633717,
       "Full adaptive model (non-synonymous subs/site)":0.03613061862589748,
       "Full adaptive model (synonymous subs/site)":0.1322244487374742,
       "LRT":0,
       "Nucleotide GTR":0.1066520212470272,
       "Rate Distributions":        [
[0, 0.8007119877454061],
        [0.5135873347111999, 0.1992880122545939] 
        ],
       "Rate classes":2,
       "Uncorrected P-value":1
      },
     "NODE6":{
       "Baseline MG94xREV":0.2101386150837201,
       "Baseline MG94xREV omega ratio":0.1854872046210397,
       "Corrected P-value":1,
       "Full adaptive model":0.2931545282118133,
       "Full adaptive model (non-synonymous subs/site)":0.1654438697189261,
       "Full adaptive model (synonymous subs/site)":0.1277106584928871,
       "LRT":1.821867043905513,
       "Nucleotide GTR":0.1582634111946885,
       "Rate Distributions":        [
[0.1576052709733376, 0.9736034742078123],
        [12.56959384952135, 0.02639652579218765] 
        ],
       "Rate classes":2,
       "Uncorrected P-value":0.1560628298658053
      },
     "NODE8":{
       "Baseline MG94xREV":0.06203794634699166,
       "Baseline MG94xREV omega ratio":0.2233877729599462,
       "Corrected P-value":0.3261824076459763,
       "Full adaptive model":1.987751315699225,
       "Full adaptive model (non-synonymous subs/site)":1.949435303009207,
       "Full adaptive model (synonymous subs/site)":0.03831601268999955,
       "LRT":5.328531430925068,
       "Nucleotide GTR":0.06472222037909135,
       "Rate Distributions":        [
[0.1431345350936317, 0.9898637664725266],
        [1866.134219177201, 0.01013623352747339] 
        ],
       "Rate classes":2,
       "Uncorrected P-value":0.02509095443430587
      },
     "NODE9":{
       "Baseline MG94xREV":0.004705899487548197,
       "Baseline MG94xREV omega ratio":0,
       "Corrected P-value":1,
       "Full adaptive model":0.004819047787169517,
       "Full adaptive model (non-synonymous subs/site)":1e-10,
       "Full adaptive model (synonymous subs/site)":0.004819047787169517,
       "LRT":0,
       "Nucleotide GTR":0.00470424721299453,
       "Rate Distributions":        [
[0, 1] 
        ],
       "Rate classes":1,
       "Uncorrected P-value":1
      },
     "XP_046462103_1":{
       "Baseline MG94xREV":0.0088704297843069,
       "Baseline MG94xREV omega ratio":0.07564941945912838,
       "Corrected P-value":1,
       "Full adaptive model":0.008819085151281684,
       "Full adaptive model (non-synonymous subs/site)":0.001399092597265204,
       "Full adaptive model (synonymous subs/site)":0.007419992554016479,
       "LRT":0,
       "Nucleotide GTR":0.008486178980785299,
       "Rate Distributions":        [
[0.07062766321537009, 1] 
        ],
       "Rate classes":1,
       "Uncorrected P-value":1,
       "original name":"XP_046462103.1"
      },
     "XP_046645037_1":{
       "Baseline MG94xREV":0.0805426498659047,
       "Baseline MG94xREV omega ratio":0.1829135443957329,
       "Corrected P-value":1,
       "Full adaptive model":0.07827486092579278,
       "Full adaptive model (non-synonymous subs/site)":0.0250510956457112,
       "Full adaptive model (synonymous subs/site)":0.05322376528008165,
       "LRT":0,
       "Nucleotide GTR":0.07551351328887861,
       "Rate Distributions":        [
[0.1763002702917784, 1] 
        ],
       "Rate classes":1,
       "Uncorrected P-value":1,
       "original name":"XP_046645037.1"
      },
     "XP_046657699_1":{
       "Baseline MG94xREV":0.006328031361671074,
       "Baseline MG94xREV omega ratio":0.1146812944543027,
       "Corrected P-value":1,
       "Full adaptive model":0.00616347110083166,